id;reference;doi;position
1;"Rapid deorphanization of human olfactory receptors in yeast. Yasi, E.A., Eisen, S.L., Wang, H., Sugianto, W., Minniefield, A.R., Hoover, K.A., Branham, P.J. and Peralta-Yahya, P., 2019. Biochemistry, 58(16), pp.2160-2166.";https://doi.org/10.1021/acs.biochem.8b01208;Figure_2A
2;"An evolutionary conserved olfactory receptor for foodborne and semiochemical alkylpyrazines. Marcinek, P., Haag, F., Geithe, C. and Krautwurst, D., 2021. The FASEB Journal, 35(6)";https://doi.org/10.1096/fj.202100224R;Table_S6
3;"Ligand specificity and evolution of mammalian musk odor receptors: effect of single receptor deletion on odor detection. Sato-Akuhara, N., Horio, N., Kato-Namba, A., Yoshikawa, K., Niimura, Y., Ihara, S., Shirasu, M. and Touhara, K., 2016. Journal of Neuroscience, 36(16), pp.4482-4491.";https://doi.org/10.1523/JNEUROSCI.3259-15.2016;Figure_1C
4;"Ligand specificity and evolution of mammalian musk odor receptors: effect of single receptor deletion on odor detection. Sato-Akuhara, N., Horio, N., Kato-Namba, A., Yoshikawa, K., Niimura, Y., Ihara, S., Shirasu, M. and Touhara, K., 2016. Journal of Neuroscience, 36(16), pp.4482-4491.";https://doi.org/10.1523/JNEUROSCI.3259-15.2016;Figure_2B
5;"Rapid deorphanization of human olfactory receptors in yeast. Yasi, E.A., Eisen, S.L., Wang, H., Sugianto, W., Minniefield, A.R., Hoover, K.A., Branham, P.J. and Peralta-Yahya, P., 2019. Biochemistry, 58(16), pp.2160-2166.";https://doi.org/10.1021/acs.biochem.8b01208;Figure_2B
6;"Rapid deorphanization of human olfactory receptors in yeast. Yasi, E.A., Eisen, S.L., Wang, H., Sugianto, W., Minniefield, A.R., Hoover, K.A., Branham, P.J. and Peralta-Yahya, P., 2019. Biochemistry, 58(16), pp.2160-2166.";https://doi.org/10.1021/acs.biochem.8b01208;Figure_3A
7;"Rapid deorphanization of human olfactory receptors in yeast. Yasi, E.A., Eisen, S.L., Wang, H., Sugianto, W., Minniefield, A.R., Hoover, K.A., Branham, P.J. and Peralta-Yahya, P., 2019. Biochemistry, 58(16), pp.2160-2166.";https://doi.org/10.1021/acs.biochem.8b01208;Figure_3B
8;"Rapid deorphanization of human olfactory receptors in yeast. Yasi, E.A., Eisen, S.L., Wang, H., Sugianto, W., Minniefield, A.R., Hoover, K.A., Branham, P.J. and Peralta-Yahya, P., 2019. Biochemistry, 58(16), pp.2160-2166.";https://doi.org/10.1021/acs.biochem.8b01208;Figure_3C
9;"Rapid deorphanization of human olfactory receptors in yeast. Yasi, E.A., Eisen, S.L., Wang, H., Sugianto, W., Minniefield, A.R., Hoover, K.A., Branham, P.J. and Peralta-Yahya, P., 2019. Biochemistry, 58(16), pp.2160-2166.";https://doi.org/10.1021/acs.biochem.8b01208;Figure_3D
10;"Rapid deorphanization of human olfactory receptors in yeast. Yasi, E.A., Eisen, S.L., Wang, H., Sugianto, W., Minniefield, A.R., Hoover, K.A., Branham, P.J. and Peralta-Yahya, P., 2019. Biochemistry, 58(16), pp.2160-2166.";https://doi.org/10.1021/acs.biochem.8b01208;Figure_4A
11;"Rapid deorphanization of human olfactory receptors in yeast. Yasi, E.A., Eisen, S.L., Wang, H., Sugianto, W., Minniefield, A.R., Hoover, K.A., Branham, P.J. and Peralta-Yahya, P., 2019. Biochemistry, 58(16), pp.2160-2166.";https://doi.org/10.1021/acs.biochem.8b01208;Figure_4B
12;"Rapid deorphanization of human olfactory receptors in yeast. Yasi, E.A., Eisen, S.L., Wang, H., Sugianto, W., Minniefield, A.R., Hoover, K.A., Branham, P.J. and Peralta-Yahya, P., 2019. Biochemistry, 58(16), pp.2160-2166.";https://doi.org/10.1021/acs.biochem.8b01208;Figure_4C
13;"Rapid deorphanization of human olfactory receptors in yeast. Yasi, E.A., Eisen, S.L., Wang, H., Sugianto, W., Minniefield, A.R., Hoover, K.A., Branham, P.J. and Peralta-Yahya, P., 2019. Biochemistry, 58(16), pp.2160-2166.";https://doi.org/10.1021/acs.biochem.8b01208;Figure_4D
14;"Rapid deorphanization of human olfactory receptors in yeast. Yasi, E.A., Eisen, S.L., Wang, H., Sugianto, W., Minniefield, A.R., Hoover, K.A., Branham, P.J. and Peralta-Yahya, P., 2019. Biochemistry, 58(16), pp.2160-2166.";https://doi.org/10.1021/acs.biochem.8b01208;Figure_S1
15;"Rapid deorphanization of human olfactory receptors in yeast. Yasi, E.A., Eisen, S.L., Wang, H., Sugianto, W., Minniefield, A.R., Hoover, K.A., Branham, P.J. and Peralta-Yahya, P., 2019. Biochemistry, 58(16), pp.2160-2166.";https://doi.org/10.1021/acs.biochem.8b01208;Figure_S2
16;"Rapid deorphanization of human olfactory receptors in yeast. Yasi, E.A., Eisen, S.L., Wang, H., Sugianto, W., Minniefield, A.R., Hoover, K.A., Branham, P.J. and Peralta-Yahya, P., 2019. Biochemistry, 58(16), pp.2160-2166.";https://doi.org/10.1021/acs.biochem.8b01208;Figure_S6
17;"Human olfactory receptor responses to odorants. Mainland, J.D., Li, Y.R., Zhou, T., Liu, W.L.L. and Matsunami, H., 2015. Scientific data, 2(1), pp.1-9.";https://doi.org/10.1038/sdata.2015.2;DataCitation_1
18;"RTP family members induce functional expression of mammalian odorant receptors. Saito, H., Kubota, M., Roberts, R.W., Chi, Q. and Matsunami, H., 2004. Cell, 119(5), pp.679-691.";https://doi.org/10.1016/j.cell.2004.11.021;Figure_6
19;"Structural determinants of odorant recognition by the human olfactory receptors OR1A1 and OR1A2. Schmiedeberg, K., Shirokova, E., Weber, H.P., Schilling, B., Meyerhof, W. and Krautwurst, D., 2007. Journal of structural biology, 159(3), pp.400-412.";https://doi.org/10.1016/j.jsb.2007.04.013;Figure_S2
20;"Structural determinants of odorant recognition by the human olfactory receptors OR1A1 and OR1A2. Schmiedeberg, K., Shirokova, E., Weber, H.P., Schilling, B., Meyerhof, W. and Krautwurst, D., 2007. Journal of structural biology, 159(3), pp.400-412.";https://doi.org/10.1016/j.jsb.2007.04.013;Table_1
21;"Ligand specificity and evolution of mammalian musk odor receptors: effect of single receptor deletion on odor detection. Sato-Akuhara, N., Horio, N., Kato-Namba, A., Yoshikawa, K., Niimura, Y., Ihara, S., Shirasu, M. and Touhara, K., 2016. Journal of Neuroscience, 36(16), pp.4482-4491.";https://doi.org/10.1523/JNEUROSCI.3259-15.2016;Figure_4A
22;"Structural determinants of odorant recognition by the human olfactory receptors OR1A1 and OR1A2. Schmiedeberg, K., Shirokova, E., Weber, H.P., Schilling, B., Meyerhof, W. and Krautwurst, D., 2007. Journal of structural biology, 159(3), pp.400-412.";https://doi.org/10.1016/j.jsb.2007.04.013;Table_2
23;"OR2M3: a highly specific and narrowly tuned human odorant receptor for the sensitive detection of onion key food odorant 3-mercapto-2-methylpentan-1-ol. Noe, F., Polster, J., Geithe, C., Kotthoff, M., Schieberle, P. and Krautwurst, D., 2017. Chemical senses, 42(3), pp.195-210.";https://doi.org/10.1093/chemse/bjw118;Figure_3E
24;"OR2M3: a highly specific and narrowly tuned human odorant receptor for the sensitive detection of onion key food odorant 3-mercapto-2-methylpentan-1-ol. Noe, F., Polster, J., Geithe, C., Kotthoff, M., Schieberle, P. and Krautwurst, D., 2017. Chemical senses, 42(3), pp.195-210.";https://doi.org/10.1093/chemse/bjw118;Figure_S1
25;"Ligand specificity and evolution of mammalian musk odor receptors: effect of single receptor deletion on odor detection. Sato-Akuhara, N., Horio, N., Kato-Namba, A., Yoshikawa, K., Niimura, Y., Ihara, S., Shirasu, M. and Touhara, K., 2016. Journal of Neuroscience, 36(16), pp.4482-4491.";https://doi.org/10.1523/JNEUROSCI.3259-15.2016;Figure_3A
26;"Ligand specificity and evolution of mammalian musk odor receptors: effect of single receptor deletion on odor detection. Sato-Akuhara, N., Horio, N., Kato-Namba, A., Yoshikawa, K., Niimura, Y., Ihara, S., Shirasu, M. and Touhara, K., 2016. Journal of Neuroscience, 36(16), pp.4482-4491.";https://doi.org/10.1523/JNEUROSCI.3259-15.2016;Figure_3B
27;"The key food odorant receptive range of broadly tuned receptor OR2W1. Haag, F., Di Pizio, A. and Krautwurst, D., 2022. Food Chemistry, 375, p.131680.";https://doi.org/10.1016/j.foodchem.2021.131680;Figure_1
28;"The key food odorant receptive range of broadly tuned receptor OR2W1. Haag, F., Di Pizio, A. and Krautwurst, D., 2022. Food Chemistry, 375, p.131680.";https://doi.org/10.1016/j.foodchem.2021.131680;Table_S9
29;"The key food odorant receptive range of broadly tuned receptor OR2W1. Haag, F., Di Pizio, A. and Krautwurst, D., 2022. Food Chemistry, 375, p.131680.";https://doi.org/10.1016/j.foodchem.2021.131680;Tabe_S8
30;"The key food odorant receptive range of broadly tuned receptor OR2W1. Haag, F., Di Pizio, A. and Krautwurst, D., 2022. Food Chemistry, 375, p.131680.";https://doi.org/10.1016/j.foodchem.2021.131680;Table_S7
31;"The key food odorant receptive range of broadly tuned receptor OR2W1. Haag, F., Di Pizio, A. and Krautwurst, D., 2022. Food Chemistry, 375, p.131680.";https://doi.org/10.1016/j.foodchem.2021.131680;Figure_S3
32;"Key food furanones furaneol and sotolone specifically activate distinct odorant receptors. Haag, F., Hoffmann, S. and Krautwurst, D., 2021. Journal of Agricultural and Food Chemistry, 69(37), pp.10999-11005.";https://doi.org/10.1021/acs.jafc.1c03314;Figure_3
33;"Key food furanones furaneol and sotolone specifically activate distinct odorant receptors. Haag, F., Hoffmann, S. and Krautwurst, D., 2021. Journal of Agricultural and Food Chemistry, 69(37), pp.10999-11005.";https://doi.org/10.1021/acs.jafc.1c03314;Figure_1
34;"Key food furanones furaneol and sotolone specifically activate distinct odorant receptors. Haag, F., Hoffmann, S. and Krautwurst, D., 2021. Journal of Agricultural and Food Chemistry, 69(37), pp.10999-11005.";https://doi.org/10.1021/acs.jafc.1c03314;Figure_2
35;"IL-6–HaloTag® enables live-cell plasma membrane staining, flow cytometry, functional expression, and de-orphaning of recombinant odorant receptors. Noe, F., Frey, T., Fiedler, J., Geithe, C., Nowak, B. and Krautwurst, D., 2017. Journal of Biological Methods, 4(4).";https://doi.org/10.14440/jbm.2017.206;Figure_1B
36;"IL-6–HaloTag® enables live-cell plasma membrane staining, flow cytometry, functional expression, and de-orphaning of recombinant odorant receptors. Noe, F., Frey, T., Fiedler, J., Geithe, C., Nowak, B. and Krautwurst, D., 2017. Journal of Biological Methods, 4(4).";https://doi.org/10.14440/jbm.2017.206;Figure_1C
37;"An evolutionary conserved olfactory receptor for foodborne and semiochemical alkylpyrazines. Marcinek, P., Haag, F., Geithe, C. and Krautwurst, D., 2021. The FASEB Journal, 35(6)";https://doi.org/10.1096/fj.202100224R;Figure_1A
38;"IL-6–HaloTag® enables live-cell plasma membrane staining, flow cytometry, functional expression, and de-orphaning of recombinant odorant receptors. Noe, F., Frey, T., Fiedler, J., Geithe, C., Nowak, B. and Krautwurst, D., 2017. Journal of Biological Methods, 4(4).";https://doi.org/10.14440/jbm.2017.206;Figure_1D
39;"IL-6–HaloTag® enables live-cell plasma membrane staining, flow cytometry, functional expression, and de-orphaning of recombinant odorant receptors. Noe, F., Frey, T., Fiedler, J., Geithe, C., Nowak, B. and Krautwurst, D., 2017. Journal of Biological Methods, 4(4).";https://doi.org/10.14440/jbm.2017.206;Figure_1E
40;"IL-6–HaloTag® enables live-cell plasma membrane staining, flow cytometry, functional expression, and de-orphaning of recombinant odorant receptors. Noe, F., Frey, T., Fiedler, J., Geithe, C., Nowak, B. and Krautwurst, D., 2017. Journal of Biological Methods, 4(4).";https://doi.org/10.14440/jbm.2017.206;Figure_1F
41;"IL-6–HaloTag® enables live-cell plasma membrane staining, flow cytometry, functional expression, and de-orphaning of recombinant odorant receptors. Noe, F., Frey, T., Fiedler, J., Geithe, C., Nowak, B. and Krautwurst, D., 2017. Journal of Biological Methods, 4(4).";https://doi.org/10.14440/jbm.2017.206;Fig_1G
42;"IL-6–HaloTag® enables live-cell plasma membrane staining, flow cytometry, functional expression, and de-orphaning of recombinant odorant receptors. Noe, F., Frey, T., Fiedler, J., Geithe, C., Nowak, B. and Krautwurst, D., 2017. Journal of Biological Methods, 4(4).";https://doi.org/10.14440/jbm.2017.206;Figure_1H
43;"IL-6–HaloTag® enables live-cell plasma membrane staining, flow cytometry, functional expression, and de-orphaning of recombinant odorant receptors. Noe, F., Frey, T., Fiedler, J., Geithe, C., Nowak, B. and Krautwurst, D., 2017. Journal of Biological Methods, 4(4).";https://doi.org/10.14440/jbm.2017.206;Figure_5
44;"An evolutionary conserved olfactory receptor for foodborne and semiochemical alkylpyrazines. Marcinek, P., Haag, F., Geithe, C. and Krautwurst, D., 2021. The FASEB Journal, 35(6)";https://doi.org/10.1096/fj.202100224R;Figure_S1
45;"An evolutionary conserved olfactory receptor for foodborne and semiochemical alkylpyrazines. Marcinek, P., Haag, F., Geithe, C. and Krautwurst, D., 2021. The FASEB Journal, 35(6)";https://doi.org/10.1096/fj.202100224R;Figure_1B
46;"An evolutionary conserved olfactory receptor for foodborne and semiochemical alkylpyrazines. Marcinek, P., Haag, F., Geithe, C. and Krautwurst, D., 2021. The FASEB Journal, 35(6)";https://doi.org/10.1096/fj.202100224R;Figure_1C
47;"OR2M3: a highly specific and narrowly tuned human odorant receptor for the sensitive detection of onion key food odorant 3-mercapto-2-methylpentan-1-ol. Noe, F., Polster, J., Geithe, C., Kotthoff, M., Schieberle, P. and Krautwurst, D., 2017. Chemical senses, 42(3), pp.195-210.";https://doi.org/10.1093/chemse/bjw118;Figure_3A
48;"OR2M3: a highly specific and narrowly tuned human odorant receptor for the sensitive detection of onion key food odorant 3-mercapto-2-methylpentan-1-ol. Noe, F., Polster, J., Geithe, C., Kotthoff, M., Schieberle, P. and Krautwurst, D., 2017. Chemical senses, 42(3), pp.195-210.";https://doi.org/10.1093/chemse/bjw118;Figure_3B
49;"OR2M3: a highly specific and narrowly tuned human odorant receptor for the sensitive detection of onion key food odorant 3-mercapto-2-methylpentan-1-ol. Noe, F., Polster, J., Geithe, C., Kotthoff, M., Schieberle, P. and Krautwurst, D., 2017. Chemical senses, 42(3), pp.195-210.";https://doi.org/10.1093/chemse/bjw118;Figure_3C
50;"OR2M3: a highly specific and narrowly tuned human odorant receptor for the sensitive detection of onion key food odorant 3-mercapto-2-methylpentan-1-ol. Noe, F., Polster, J., Geithe, C., Kotthoff, M., Schieberle, P. and Krautwurst, D., 2017. Chemical senses, 42(3), pp.195-210.";https://doi.org/10.1093/chemse/bjw118;Figure_4B
51;"OR2M3: a highly specific and narrowly tuned human odorant receptor for the sensitive detection of onion key food odorant 3-mercapto-2-methylpentan-1-ol. Noe, F., Polster, J., Geithe, C., Kotthoff, M., Schieberle, P. and Krautwurst, D., 2017. Chemical senses, 42(3), pp.195-210.";https://doi.org/10.1093/chemse/bjw118;Figure_5C
52;"OR2M3: a highly specific and narrowly tuned human odorant receptor for the sensitive detection of onion key food odorant 3-mercapto-2-methylpentan-1-ol. Noe, F., Polster, J., Geithe, C., Kotthoff, M., Schieberle, P. and Krautwurst, D., 2017. Chemical senses, 42(3), pp.195-210.";https://doi.org/10.1093/chemse/bjw118;Figure_5D
53;"OR2M3: a highly specific and narrowly tuned human odorant receptor for the sensitive detection of onion key food odorant 3-mercapto-2-methylpentan-1-ol. Noe, F., Polster, J., Geithe, C., Kotthoff, M., Schieberle, P. and Krautwurst, D., 2017. Chemical senses, 42(3), pp.195-210.";https://doi.org/10.1093/chemse/bjw118;Figure_8
54;"OR2M3: a highly specific and narrowly tuned human odorant receptor for the sensitive detection of onion key food odorant 3-mercapto-2-methylpentan-1-ol. Noe, F., Polster, J., Geithe, C., Kotthoff, M., Schieberle, P. and Krautwurst, D., 2017. Chemical senses, 42(3), pp.195-210.";https://doi.org/10.1093/chemse/bjw118;Table_S13
55;"OR2M3: a highly specific and narrowly tuned human odorant receptor for the sensitive detection of onion key food odorant 3-mercapto-2-methylpentan-1-ol. Noe, F., Polster, J., Geithe, C., Kotthoff, M., Schieberle, P. and Krautwurst, D., 2017. Chemical senses, 42(3), pp.195-210.";https://doi.org/10.1093/chemse/bjw118;Table_2
56;"Olfactory receptor and neural pathway responsible for highly selective sensing of musk odors. Shirasu, M., Yoshikawa, K., Takai, Y., Nakashima, A., Takeuchi, H., Sakano, H. and Touhara, K., 2014. Neuron, 81(1), pp.165-178.";https://doi.org/10.1016/j.neuron.2013.10.021;Figure_S5F
57;"Olfactory receptor and neural pathway responsible for highly selective sensing of musk odors. Shirasu, M., Yoshikawa, K., Takai, Y., Nakashima, A., Takeuchi, H., Sakano, H. and Touhara, K., 2014. Neuron, 81(1), pp.165-178.";https://doi.org/10.1016/j.neuron.2013.10.021;Figure_7A
58;"Olfactory receptor and neural pathway responsible for highly selective sensing of musk odors. Shirasu, M., Yoshikawa, K., Takai, Y., Nakashima, A., Takeuchi, H., Sakano, H. and Touhara, K., 2014. Neuron, 81(1), pp.165-178.";https://doi.org/10.1016/j.neuron.2013.10.021;Figure_7F
59;"Olfactory receptor and neural pathway responsible for highly selective sensing of musk odors. Shirasu, M., Yoshikawa, K., Takai, Y., Nakashima, A., Takeuchi, H., Sakano, H. and Touhara, K., 2014. Neuron, 81(1), pp.165-178.";https://doi.org/10.1016/j.neuron.2013.10.021;Figure_7B
60;"Olfactory receptor and neural pathway responsible for highly selective sensing of musk odors. Shirasu, M., Yoshikawa, K., Takai, Y., Nakashima, A., Takeuchi, H., Sakano, H. and Touhara, K., 2014. Neuron, 81(1), pp.165-178.";https://doi.org/10.1016/j.neuron.2013.10.021;Figure_7G
61;"Olfactory receptor and neural pathway responsible for highly selective sensing of musk odors. Shirasu, M., Yoshikawa, K., Takai, Y., Nakashima, A., Takeuchi, H., Sakano, H. and Touhara, K., 2014. Neuron, 81(1), pp.165-178.";https://doi.org/10.1016/j.neuron.2013.10.021;Figure_7C
62;"Ligand specificity and evolution of mammalian musk odor receptors: effect of single receptor deletion on odor detection. Sato-Akuhara, N., Horio, N., Kato-Namba, A., Yoshikawa, K., Niimura, Y., Ihara, S., Shirasu, M. and Touhara, K., 2016. Journal of Neuroscience, 36(16), pp.4482-4491.";https://doi.org/10.1523/JNEUROSCI.3259-15.2016;Figure_1A
63;"Machine learning assisted approach for finding novel high activity agonists of human ectopic olfactory receptors. Jabeen, A., de March, C.A., Matsunami, H. and Ranganathan, S., 2021. International Journal of Molecular Sciences, 22(21), p.11546.";https://doi.org/10.3390/ijms222111546;Table_S2
64;"Structural determinants of odorant recognition by the human olfactory receptors OR1A1 and OR1A2. Schmiedeberg, K., Shirokova, E., Weber, H.P., Schilling, B., Meyerhof, W. and Krautwurst, D., 2007. Journal of structural biology, 159(3), pp.400-412.";https://doi.org/10.1016/j.jsb.2007.04.013;Table_S1
65;"Structural determinants of odorant recognition by the human olfactory receptors OR1A1 and OR1A2. Schmiedeberg, K., Shirokova, E., Weber, H.P., Schilling, B., Meyerhof, W. and Krautwurst, D., 2007. Journal of structural biology, 159(3), pp.400-412.";https://doi.org/10.1016/j.jsb.2007.04.013;Figure_S4
66;"Molecular receptive range variation among mouse odorant receptors for aliphatic carboxylic acids. Repicky, S.E. and Luetje, C.W., 2009. Journal of neurochemistry, 109(1), pp.193-202.";https://doi.org/10.1111/j.1471-4159.2009.05925.x;Figure_1A
67;"Molecular receptive range variation among mouse odorant receptors for aliphatic carboxylic acids. Repicky, S.E. and Luetje, C.W., 2009. Journal of neurochemistry, 109(1), pp.193-202.";https://doi.org/10.1111/j.1471-4159.2009.05925.x;Figure_1D
68;"Molecular receptive range variation among mouse odorant receptors for aliphatic carboxylic acids. Repicky, S.E. and Luetje, C.W., 2009. Journal of neurochemistry, 109(1), pp.193-202.";https://doi.org/10.1111/j.1471-4159.2009.05925.x;Table_1
69;"Molecular receptive range variation among mouse odorant receptors for aliphatic carboxylic acids. Repicky, S.E. and Luetje, C.W., 2009. Journal of neurochemistry, 109(1), pp.193-202.";https://doi.org/10.1111/j.1471-4159.2009.05925.x;Figure_2
70;"Molecular receptive range variation among mouse odorant receptors for aliphatic carboxylic acids. Repicky, S.E. and Luetje, C.W., 2009. Journal of neurochemistry, 109(1), pp.193-202.";https://doi.org/10.1111/j.1471-4159.2009.05925.x;Figure_5
71;"A Specific Heat Shock Protein Enhances the Expression of Mammalian Olfactory Receptor Proteins Eva M. Neuhaus, Anastasia Mashukova, Weiyi Zhang, Jon Barbour, Hanns Hatt";https://doi.org/10.1093/chemse/bjj049;Figure_4
72;"Comparison of Odorant Specificity of Two Human Olfactory Receptors from Different Phylogenetic Classes and Evidence for Antagonism Guenhaël Sanz, Claire Schlegel, Jean-Claude Pernollet, Loïc Briand";https://doi.org/10.1093/chemse/bji002;Fig_3
73;"C. Geithe, J. Protze, F. Kreuchwig, G. Krause, D. Krautwurst, Structural determinants of a conserved enantiomer-selective carvone binding pocket in the human odorant receptor OR1A1. Cellular and molecular life sciences : CMLS 74, 4209-4229 (2017); published online EpubNov (10.1007/s00018-017-2576-z).";https://doi.org/10.1007/s00018-017-2576-z;Table_S8
74;"C. Geithe, J. Protze, F. Kreuchwig, G. Krause, D. Krautwurst, Structural determinants of a conserved enantiomer-selective carvone binding pocket in the human odorant receptor OR1A1. Cellular and molecular life sciences : CMLS 74, 4209-4229 (2017); published online EpubNov (10.1007/s00018-017-2576-z).";https://doi.org/10.1007/s00018-017-2576-z;Table_S9
75;"A pharmacological profile of the aldehyde receptor repertoire in rat olfactory epithelium Ricardo C. Araneda, Zita Peterlin, Xinmin Zhang, Alex Chesler and Stuart Firestein";https://doi.org/10.1113/jphysiol.2003.058040;Table_1
76;"C. Geithe, J. Protze, F. Kreuchwig, G. Krause, D. Krautwurst, Structural determinants of a conserved enantiomer-selective carvone binding pocket in the human odorant receptor OR1A1. Cellular and molecular life sciences : CMLS 74, 4209-4229 (2017); published online EpubNov (10.1007/s00018-017-2576-z).";https://doi.org/10.1007/s00018-017-2576-z;Table_S10
77;"C. Geithe, J. Protze, F. Kreuchwig, G. Krause, D. Krautwurst, Structural determinants of a conserved enantiomer-selective carvone binding pocket in the human odorant receptor OR1A1. Cellular and molecular life sciences : CMLS 74, 4209-4229 (2017); published online EpubNov (10.1007/s00018-017-2576-z).";https://doi.org/10.1007/s00018-017-2576-z;Fig_2D
78;"C. Geithe, J. Protze, F. Kreuchwig, G. Krause, D. Krautwurst, Structural determinants of a conserved enantiomer-selective carvone binding pocket in the human odorant receptor OR1A1. Cellular and molecular life sciences : CMLS 74, 4209-4229 (2017); published online EpubNov (10.1007/s00018-017-2576-z).";https://doi.org/10.1007/s00018-017-2576-z;Fig_2C
79;"C. Geithe, J. Protze, F. Kreuchwig, G. Krause, D. Krautwurst, Structural determinants of a conserved enantiomer-selective carvone binding pocket in the human odorant receptor OR1A1. Cellular and molecular life sciences : CMLS 74, 4209-4229 (2017); published online EpubNov (10.1007/s00018-017-2576-z).";https://doi.org/10.1007/s00018-017-2576-z;Fig_S3E
80;"A pharmacological profile of the aldehyde receptor repertoire in rat olfactory epithelium Ricardo C. Araneda, Zita Peterlin, Xinmin Zhang, Alex Chesler and Stuart Firestein";https://doi.org/10.1113/jphysiol.2003.058040;Figure_2B
81;"Saito, H.; Chi, Q.; Zhuang, H.; Matsunami, H.; Mainland, J. D. (2009). Odor Coding by a Mammalian Receptor Repertoire. Science Signaling, 2(60)";https://dx.doi.org/10.1126%2Fscisignal.2000016;Table_S3
82;"Large-Scale G Protein-Coupled Olfactory Receptor–Ligand Pairing Xiaojing Cong*, Wenwen Ren, Jody Pacalon, Rui Xu, Lun Xu, Xuewen Li, Claire A. de March, Hiroaki Matsunami, Hongmeng Yu, Yiqun Yu*, and Jérôme Golebiowski*";https://doi.org/10.1021/acscentsci.1c01495;Table_S5
83;"Keller, A., Zhuang, H., Chi, Q. et al. Genetic variation in a human odorant receptor alters odour perception. Nature 449, 468–472 (2007).";https://doi.org/10.1038/nature06162;Fig_1A
84;"A Butter Aroma Recombinate Activates Human Class-I Odorant Receptors Christiane Geithe, Gaby Andersen, Agne Malki, and Dietmar Krautwurst Journal of Agricultural and Food Chemistry 2015 63 (43), 9410-9420";https://doi.org/10.1021/acs.jafc.5b01884;Fig_4
85;"A Butter Aroma Recombinate Activates Human Class-I Odorant Receptors Christiane Geithe, Gaby Andersen, Agne Malki, and Dietmar Krautwurst Journal of Agricultural and Food Chemistry 2015 63 (43), 9410-9420";https://doi.org/10.1021/acs.jafc.5b01884;Fig_2
86;"Keller, A., Zhuang, H., Chi, Q. et al. Genetic variation in a human odorant receptor alters odour perception. Nature 449, 468–472 (2007).";https://doi.org/10.1038/nature06162;Fig_1C
87;"Keller, A., Zhuang, H., Chi, Q. et al. Genetic variation in a human odorant receptor alters odour perception. Nature 449, 468–472 (2007).";https://doi.org/10.1038/nature06162;Fig_2B
88;"Keller, A., Zhuang, H., Chi, Q. et al. Genetic variation in a human odorant receptor alters odour perception. Nature 449, 468–472 (2007).";https://doi.org/10.1038/nature06162;Fig_2C
89;"Keller, A., Zhuang, H., Chi, Q. et al. Genetic variation in a human odorant receptor alters odour perception. Nature 449, 468–472 (2007).";https://doi.org/10.1038/nature06162;Fig_2D
90;"Keller, A., Zhuang, H., Chi, Q. et al. Genetic variation in a human odorant receptor alters odour perception. Nature 449, 468–472 (2007).";https://doi.org/10.1038/nature06162;Fig_S2
91;"Deorphanization of Dresden G Protein-Coupled Receptor for an Odorant Receptor YOSHIFUMI FUJITA , TOMOKO TAKAHASHI , AKIKO SUZUKI , KAYO KAWASHIMA , FUTOSHI NARA & RYUTA KOISHI";https://doi.org/10.1080/10799890701534180;Table_1
92;"Specificity and Sensitivity of a Human Olfactory Receptor Functionally Expressed in Human Embryonic Kidney 293 Cells and Xenopus Laevis Oocytes Christian H. Wetzel, Markus Oles, Christiane Wellerdieck, Michael Kuczkowiak, Gu ̈ nter Gisselmann, and Hanns Hatt";https://doi.org/10.1523/JNEUROSCI.19-17-07426.1999;Fig_3
93;"Specificity and Sensitivity of a Human Olfactory Receptor Functionally Expressed in Human Embryonic Kidney 293 Cells and Xenopus Laevis Oocytes Christian H. Wetzel, Markus Oles, Christiane Wellerdieck, Michael Kuczkowiak, Gu ̈ nter Gisselmann, and Hanns Hatt";https://doi.org/10.1523/JNEUROSCI.19-17-07426.1999;Fig_8
94;"Molecular Bases of Odor Discrimination: Reconstitution of Olfactory Receptors that Recognize Overlapping Sets of Odorants Kentaro Kajiya, Koichiro Inaki, Motonari Tanaka, Tatsuya Haga, Hiroshi Kataoka and Kazushige Touhara";https://doi.org/10.1523/JNEUROSCI.21-16-06018.2001;Fig_1A
95;"Specificity and Sensitivity of a Human Olfactory Receptor Functionally Expressed in Human Embryonic Kidney 293 Cells and Xenopus Laevis Oocytes Christian H. Wetzel, Markus Oles, Christiane Wellerdieck, Michael Kuczkowiak, Gu ̈ nter Gisselmann, and Hanns Hatt";https://doi.org/10.1523/JNEUROSCI.19-17-07426.1999;Fig_7
96;"Molecular Bases of Odor Discrimination: Reconstitution of Olfactory Receptors that Recognize Overlapping Sets of Odorants Kentaro Kajiya, Koichiro Inaki, Motonari Tanaka, Tatsuya Haga, Hiroshi Kataoka and Kazushige Touhara";https://doi.org/10.1523/JNEUROSCI.21-16-06018.2001;Fig_3A
97;"Molecular Bases of Odor Discrimination: Reconstitution of Olfactory Receptors that Recognize Overlapping Sets of Odorants Kentaro Kajiya, Koichiro Inaki, Motonari Tanaka, Tatsuya Haga, Hiroshi Kataoka and Kazushige Touhara";https://doi.org/10.1523/JNEUROSCI.21-16-06018.2001;Fig_4A
98;"Molecular Bases of Odor Discrimination: Reconstitution of Olfactory Receptors that Recognize Overlapping Sets of Odorants Kentaro Kajiya, Koichiro Inaki, Motonari Tanaka, Tatsuya Haga, Hiroshi Kataoka and Kazushige Touhara";https://doi.org/10.1523/JNEUROSCI.21-16-06018.2001;Fig_4B
99;"Molecular Bases of Odor Discrimination: Reconstitution of Olfactory Receptors that Recognize Overlapping Sets of Odorants Kentaro Kajiya, Koichiro Inaki, Motonari Tanaka, Tatsuya Haga, Hiroshi Kataoka and Kazushige Touhara";https://doi.org/10.1523/JNEUROSCI.21-16-06018.2001;Fig_5
100;"Jones EM, Jajoo R, Cancilla D, et al. A Scalable, Multiplexed Assay for Decoding GPCR-Ligand Interactions with RNA Sequencing. Cell Syst. 2019;8(3):254-260.e6. doi:10.1016/j.cels.2019.02.009";https://doi.org/10.1016/j.cels.2019.02.009;Table_S2
101;"The human odorant receptor OR10A6 is tuned to the pheromone of the commensal fruit fly Drosophila melanogaster Tim Frey, Charles A. Kwadha, Erika A. Wallin, Elsa Holgersson, Erik Hedenström, Björn Bohman, Marie Bengtsson, Paul G. Becher, Dietmar Krautwurst, View ORCID ProfilePeter Witzgall";https://doi.org/10.1101/2020.12.07.414714;Fig_3
102;"The human odorant receptor OR10A6 is tuned to the pheromone of the commensal fruit fly Drosophila melanogaster Tim Frey, Charles A. Kwadha, Erika A. Wallin, Elsa Holgersson, Erik Hedenström, Björn Bohman, Marie Bengtsson, Paul G. Becher, Dietmar Krautwurst, View ORCID ProfilePeter Witzgall";https://doi.org/10.1101/2020.12.07.414714;Fig_4
103;"Combinatorial Receptor Codes for Odors Malnic B, Hirono J, Sato T, Buck LB. Cell. 1999 Mar 5;96(5):713-23.";https://doi.org/10.1016/S0092-8674(00)80581-4;Figure_6
104;"Spehr M, Gisselmann G, Poplawski A, Riffell JA, Wetzel CH, Zimmer RK, Hatt H. Science. 2003 Mar 28;299(5615):2054-8.";https://doi.org/10.1126/science.1080376;Fig_2A
105;"The Broadly Tuned Odorant Receptor OR1A1 is Highly Selective for 3-Methyl-2,4-nonanedione, a Key Food Odorant in Aged Wines, Tea, and Other Foods Christiane Geithe, Franziska Noe, Johanna Kreissl, Dietmar Krautwurst";https://doi.org/10.1093/chemse/bjw117;Fig_1
106;"The Broadly Tuned Odorant Receptor OR1A1 is Highly Selective for 3-Methyl-2,4-nonanedione, a Key Food Odorant in Aged Wines, Tea, and Other Foods Christiane Geithe, Franziska Noe, Johanna Kreissl, Dietmar Krautwurst";https://doi.org/10.1093/chemse/bjw117;Table_S5
107;"The Broadly Tuned Odorant Receptor OR1A1 is Highly Selective for 3-Methyl-2,4-nonanedione, a Key Food Odorant in Aged Wines, Tea, and Other Foods Christiane Geithe, Franziska Noe, Johanna Kreissl, Dietmar Krautwurst";https://doi.org/10.1093/chemse/bjw117;Fig_5A
108;"The Broadly Tuned Odorant Receptor OR1A1 is Highly Selective for 3-Methyl-2,4-nonanedione, a Key Food Odorant in Aged Wines, Tea, and Other Foods Christiane Geithe, Franziska Noe, Johanna Kreissl, Dietmar Krautwurst";https://doi.org/10.1093/chemse/bjw117;Fig_5B
109;"The Broadly Tuned Odorant Receptor OR1A1 is Highly Selective for 3-Methyl-2,4-nonanedione, a Key Food Odorant in Aged Wines, Tea, and Other Foods Christiane Geithe, Franziska Noe, Johanna Kreissl, Dietmar Krautwurst";https://doi.org/10.1093/chemse/bjw117;Fig_6
110;"Spehr M, Gisselmann G, Poplawski A, Riffell JA, Wetzel CH, Zimmer RK, Hatt H. Science. 2003 Mar 28;299(5615):2054-8.";https://doi.org/10.1126/science.1080376;Fig_S6
111;"The Broadly Tuned Odorant Receptor OR1A1 is Highly Selective for 3-Methyl-2,4-nonanedione, a Key Food Odorant in Aged Wines, Tea, and Other Foods Christiane Geithe, Franziska Noe, Johanna Kreissl, Dietmar Krautwurst";https://doi.org/10.1093/chemse/bjw117;Fig_S5
112;"Characterization of an extended receptive ligand repertoire of thehuman olfactory receptor OR17-40 comprising structurally relatedcompoundsVale ́rie Jacquier, Horst Pick and Horst Vogel";https://doi.org/10.1111/j.1471-4159.2006.03771.x;Fig_2C
113;"Characterization of an extended receptive ligand repertoire of thehuman olfactory receptor OR17-40 comprising structurally relatedcompoundsVale ́rie Jacquier, Horst Pick and Horst Vogel";https://doi.org/10.1111/j.1471-4159.2006.03771.x;Table_1
114;"Identification of agonists for a group of human odorant receptors Daniela C. Gonzalez-Kristeller, João B. P. do Nascimento, Pedro A. F. Galante and Bettina Malnic";https://doi.org/10.3389/fphar.2015.00035;Table_1
115;"Exchanging ligand-binding
specificity between a pair of mouse
olfactory receptor paralogs reveals
odorant recognition principles Olivia Baud1, Shuguang Yuan1, Luc Veya, Slawomir Filipek, Horst Vogel & Horst Pick";https://doi.org/10.1038/srep14948;Figure_2
116;"Diverse yet selective tuning of an odorant receptor for sensing four classes of musk compounds";https://doi.org/10.21203/rs.3.rs-1916850/v1;Figure_S1
117;"Exchanging ligand-binding
specificity between a pair of mouse
olfactory receptor paralogs reveals
odorant recognition principles Olivia Baud1, Shuguang Yuan1, Luc Veya, Slawomir Filipek, Horst Vogel & Horst Pick";https://doi.org/10.1038/srep14948;Table_1
118;"Exchanging ligand-binding
specificity between a pair of mouse
olfactory receptor paralogs reveals
odorant recognition principles Olivia Baud1, Shuguang Yuan1, Luc Veya, Slawomir Filipek, Horst Vogel & Horst Pick";https://doi.org/10.1038/srep14948;Figure_3
119;"McRae, Jeremy F., et al. ""Genetic variation in the odorant receptor OR2J3 is associated with the ability to detect the “grassy” smelling odor, cis-3-hexen-1-ol."" Chemical senses 37.7 (2012): 585-593.";https://doi.org/10.1093/chemse/bjs049;Table_2
120;"Weber, Lea, et al. ""Activation of odorant receptor in colorectal cancer cells leads to inhibition of cell proliferation and apoptosis."" PloS one 12.3 (2017): e0172491.";https://doi.org/10.1371/journal.pone.0172491;Figure_3
121;"Weber, Lea, et al. ""Characterization of the olfactory receptor OR10H1 in human urinary bladder cancer."" Frontiers in physiology 9 (2018): 456.";https://doi.org/10.3389/fphys.2018.00456;Figure_3
122;"Abaffy, Tatjana, et al. ""A testosterone metabolite 19-hydroxyandrostenedione induces neuroendocrine trans-differentiation of prostate cancer cells via an ectopic olfactory receptor."" Frontiers in Oncology 8 (2018): 162.";https://doi.org/10.3389/fonc.2018.00162;Table_1
123;"Towards musky odors: discovery of the broadly tuned human musk receptor Sandra Huysseune, Mélodie Locrel, Alex Veithen, Magali Philippeau and Yannick Quesnel -XXIXth Annual Meeting of the European Chemoreception Research Organization, ECRO 2019: The Abdus Salam International Centre for Theoretical Physics, Trieste, Italy, 11–14 September, 2019 Organizers: Anna Menini, Paolo Gasparini and Antonio Celani, Chemical Senses, Volume 45, Issue 2, February 2020, Pages 119–174";https://doi.org/10.1093/chemse/bjaa007;Table_D
124;"Abaffy, Tatjana, et al. ""A testosterone metabolite 19-hydroxyandrostenedione induces neuroendocrine trans-differentiation of prostate cancer cells via an ectopic olfactory receptor."" Frontiers in Oncology 8 (2018): 162.";https://doi.org/10.3389/fonc.2018.00162;Table_S1
125;"Abaffy, Tatjana, et al. ""A testosterone metabolite 19-hydroxyandrostenedione induces neuroendocrine trans-differentiation of prostate cancer cells via an ectopic olfactory receptor."" Frontiers in Oncology 8 (2018): 162.";https://doi.org/10.3389/fonc.2018.00162;Table_S2
126;"Abstracts from the 24th Annual Meeting of the European Chemoreception Research Organization (ECRO 2014), Dijon, France, September 10-13th, 2014, Chemical Senses, Volume 40, Issue 3, March 2015, Pages 211–297";https://doi.org/10.1093/chemse/bju073;Table_1
127;"Functional characterization of a human olfactory receptor to musk odorants Veithen Alex, Wilkin Françoise, Philippeau Magali, Patiny Sébastien, Chatelain PierreAbstracts from the 24th Annual Meeting of the European Chemoreception Research Organization (ECRO 2014), Dijon, France, September 10-13th, 2014, Chemical Senses, Volume 40, Issue 3, March 2015, Pages 211–297,";https://doi.org/10.1093/chemse/bju073;Table_1
128;"Veithen, Alex, et al. ""Identification of a subset of human olfactory receptors that respond to sweat carboxylic acids."" CHEMICAL SENSES. Vol. 40. No. 3. GREAT CLARENDON ST, OXFORD OX2 6DP, ENGLAND: OXFORD UNIV PRESS, 2015.";https://doi.org/10.1093/chemse/bju073;Table_1
129;"“Sensorial Chemistry”: functional characterization and structure activity relationship understanding of OR5K1 and OR2AG1 allow to design and synthetize new selective compounds Chatelain Pierre1, Wilkin Françoise1, Philippeau Magali1, Veithen Alex1, Noiset Olivier2, Quesnel Yannick1 - XXVIth Annual Meeting of the European Chemoreception Research Organization, ECRO 2016: Divani Palace Acropolis, Athens, Greece, 7–10 September, 2016 Organizer: Marika Kapsimali, Chemical Senses, Volume 42, Issue 2, 1 February 2017, Pages e1–e59";https://doi.org/10.1093/chemse/bjw120;Table_1
130;"Human olfactory receptors deorphanization Wilkin Françoise, Veithen Alex, Philippeau Magali, Patiny Sébastien, Chatelain Pierre Abstracts from the 24th Annual Meeting of the European Chemoreception Research Organization (ECRO 2014), Dijon, France, September 10-13th, 2014, Chemical Senses, Volume 40, Issue 3, March 2015, Pages 211–297,";https://doi.org/10.1093/chemse/bju073;Table_1
131;"Human olfactory receptors deorphanization Wilkin Françoise, Veithen Alex, Philippeau Magali, Patiny Sébastien, Chatelain Pierre Abstracts from the 24th Annual Meeting of the European Chemoreception Research Organization (ECRO 2014), Dijon, France, September 10-13th, 2014, Chemical Senses, Volume 40, Issue 3, March 2015, Pages 211–297,";https://doi.org/10.1093/chemse/bju073;Figure_1
132;"Ieki, Takashi, Yuki Yamanaka, and Keiichi Yoshikawa. ""Functional analysis of human olfactory receptors with a high basal activity using LNCaP cell line."" Plos one 17.4 (2022): e0267356";https://doi.org/10.1371/journal.pone.0267356;Figure_1
133;"A Butter Aroma Recombinate Activates Human Class-I Odorant Receptors Christiane Geithe, Gaby Andersen, Agne Malki, and Dietmar Krautwurst Journal of Agricultural and Food Chemistry 2015 63 (43), 9410-9420";https://doi.org/10.1021/acs.jafc.5b01884;Fig_5
134;"Saito, Naoko, et al. ""Involvement of the olfactory system in the induction of anti-fatigue effects by odorants."" PLoS One 13.3 (2018): e0195263.";https://doi.org/10.1371/journal.pone.0195263;Figure_2
135;"Saito, Naoko, et al. ""Involvement of the olfactory system in the induction of anti-fatigue effects by odorants."" PLoS One 13.3 (2018): e0195263.";https://doi.org/10.1371/journal.pone.0195263;Figure_4
136;"Ieki, Takashi, Yuki Yamanaka, and Keiichi Yoshikawa. ""Functional analysis of human olfactory receptors with a high basal activity using LNCaP cell line."" Plos one 17.4 (2022): e0267356";https://doi.org/10.1371/journal.pone.0267356;Figure_2
137;"Ieki, Takashi, Yuki Yamanaka, and Keiichi Yoshikawa. ""Functional analysis of human olfactory receptors with a high basal activity using LNCaP cell line."" Plos one 17.4 (2022): e0267356";https://doi.org/10.1371/journal.pone.0267356;Figure_S3
138;"Ieki, Takashi, Yuki Yamanaka, and Keiichi Yoshikawa. ""Functional analysis of human olfactory receptors with a high basal activity using LNCaP cell line."" Plos one 17.4 (2022): e0267356";https://doi.org/10.1371/journal.pone.0267356;Figure_S6
139;"Ieki, Takashi, Yuki Yamanaka, and Keiichi Yoshikawa. ""Functional analysis of human olfactory receptors with a high basal activity using LNCaP cell line."" Plos one 17.4 (2022): e0267356";https://doi.org/10.1371/journal.pone.0267356;Figure_S4
140;"Ieki, Takashi, Yuki Yamanaka, and Keiichi Yoshikawa. ""Functional analysis of human olfactory receptors with a high basal activity using LNCaP cell line."" Plos one 17.4 (2022): e0267356";https://doi.org/10.1371/journal.pone.0267356;Figure_S5
